early_stop,cost
50,11166.0
100,10590.666666666666
150,10207.333333333334
200,10020.0
250,9906.666666666666
